-- phpMyAdmin SQL Dump
-- version 5.1.0
-- https://www.phpmyadmin.net/
--
-- Host: 127.0.0.1
-- Waktu pembuatan: 23 Jun 2021 pada 11.37
-- Versi server: 10.4.18-MariaDB
-- Versi PHP: 8.0.3

SET SQL_MODE = "NO_AUTO_VALUE_ON_ZERO";
START TRANSACTION;
SET time_zone = "+00:00";


/*!40101 SET @OLD_CHARACTER_SET_CLIENT=@@CHARACTER_SET_CLIENT */;
/*!40101 SET @OLD_CHARACTER_SET_RESULTS=@@CHARACTER_SET_RESULTS */;
/*!40101 SET @OLD_COLLATION_CONNECTION=@@COLLATION_CONNECTION */;
/*!40101 SET NAMES utf8mb4 */;

--
-- Database: `whsakila2021`
--

DELIMITER $$
--
-- Prosedur
--
CREATE DEFINER=`root`@`localhost` PROCEDURE `isitimedimens` (IN `waktuMulai` DATE, IN `waktuSelesai` DATE)  BEGIN
mulaiLoop: LOOP
INSERT INTO TIME (TAHUN,BULAN,TANGGAL,
tanggallengkap,NAMAHARI)
VALUES(YEAR(waktuMulai),
MONTH(waktuMulai),
DAY(waktuMulai),
waktuMulai,
DAYNAME(waktuMulai)
);
SET waktuMulai = DATE_ADD(waktuMulai,INTERVAL 1 DAY);
IF DATEDIFF(waktuMulai,waktuSelesai)!=0 THEN
ITERATE mulaiLoop;
END IF;
LEAVE mulaiLoop;
END LOOP mulaiLoop;
END$$

DELIMITER ;

-- --------------------------------------------------------

--
-- Struktur dari tabel `akun`
--

CREATE TABLE `akun` (
  `username` varchar(30) NOT NULL,
  `password` varchar(8) NOT NULL
) ENGINE=InnoDB DEFAULT CHARSET=latin1;

--
-- Dumping data untuk tabel `akun`
--

INSERT INTO `akun` (`username`, `password`) VALUES
('admin', 'admin');

-- --------------------------------------------------------

--
-- Struktur dari tabel `customer`
--

CREATE TABLE `customer` (
  `customer_id` smallint(5) NOT NULL,
  `nama` varchar(90) CHARACTER SET utf8 DEFAULT NULL
) ENGINE=InnoDB DEFAULT CHARSET=latin1;

--
-- Dumping data untuk tabel `customer`
--

INSERT INTO `customer` (`customer_id`, `nama`) VALUES
(1, 'MARY SMITH'),
(6, 'JENNIFER DAVIS'),
(7, 'MARIA MILLER'),
(14, 'BETTY WHITE'),
(17, 'DONNA THOMPSON'),
(18, 'CAROL GARCIA'),
(19, 'RUTH MARTINEZ'),
(20, 'SHARON ROBINSON'),
(21, 'MICHELLE CLARK'),
(23, 'SARAH LEWIS'),
(25, 'DEBORAH WALKER'),
(29, 'ANGELA HERNANDEZ'),
(33, 'ANNA HILL'),
(35, 'VIRGINIA GREEN'),
(37, 'PAMELA BAKER'),
(40, 'AMANDA CARTER'),
(43, 'CHRISTINE ROBERTS'),
(44, 'MARIE TURNER'),
(45, 'JANET PHILLIPS'),
(47, 'FRANCES PARKER'),
(48, 'ANN EVANS'),
(49, 'JOYCE EDWARDS'),
(51, 'ALICE STEWART'),
(53, 'HEATHER MORRIS'),
(54, 'TERESA ROGERS'),
(56, 'GLORIA COOK'),
(57, 'EVELYN MORGAN'),
(58, 'JEAN BELL'),
(59, 'CHERYL MURPHY'),
(60, 'MILDRED BAILEY'),
(65, 'ROSE HOWARD'),
(71, 'KATHY JAMES'),
(73, 'BEVERLY BROOKS'),
(75, 'TAMMY SANDERS'),
(77, 'JANE BENNETT'),
(81, 'ANDREA HENDERSON'),
(82, 'KATHRYN COLEMAN'),
(83, 'LOUISE JENKINS'),
(86, 'JACQUELINE LONG'),
(88, 'BONNIE HUGHES'),
(89, 'JULIA FLORES'),
(91, 'LOIS BUTLER'),
(92, 'TINA SIMMONS'),
(93, 'PHYLLIS FOSTER'),
(94, 'NORMA GONZALES'),
(98, 'LILLIAN GRIFFIN'),
(100, 'ROBIN HAYES'),
(102, 'CRYSTAL FORD'),
(103, 'GLADYS HAMILTON'),
(104, 'RITA GRAHAM'),
(107, 'FLORENCE WOODS'),
(108, 'TRACY COLE'),
(109, 'EDNA WEST'),
(114, 'GRACE ELLIS'),
(119, 'SHERRY MARSHALL'),
(120, 'SYLVIA ORTIZ'),
(121, 'JOSEPHINE GOMEZ'),
(125, 'ETHEL WEBB'),
(126, 'ELLEN SIMPSON'),
(130, 'CHARLOTTE HUNTER'),
(131, 'MONICA HICKS'),
(133, 'PAULINE HENRY'),
(135, 'JUANITA MASON'),
(142, 'APRIL BURNS'),
(143, 'LESLIE GORDON'),
(151, 'MEGAN PALMER'),
(158, 'VERONICA STONE'),
(162, 'LAUREN HUDSON'),
(167, 'SALLY PIERCE'),
(170, 'BEATRICE ARNOLD'),
(174, 'YVONNE WATKINS'),
(176, 'JUNE CARROLL'),
(182, 'RENEE LANE'),
(184, 'VIVIAN RUIZ'),
(185, 'ROBERTA HARPER'),
(187, 'BRITTANY RILEY'),
(193, 'KATIE ELLIOTT'),
(196, 'ALMA AUSTIN'),
(197, 'SUE PETERS'),
(200, 'JEANNE LAWSON'),
(201, 'VICKI FIELDS'),
(203, 'TARA RYAN'),
(204, 'ROSEMARY SCHMIDT'),
(207, 'GERTRUDE CASTILLO'),
(208, 'LUCY WHEELER'),
(211, 'STACEY MONTGOMERY'),
(214, 'KRISTIN JOHNSTON'),
(221, 'BESSIE MORRISON'),
(222, 'DELORES HANSEN'),
(227, 'COLLEEN BURTON'),
(230, 'JOY GEORGE'),
(232, 'CONSTANCE REID'),
(236, 'MARCIA DEAN'),
(237, 'TANYA GILBERT'),
(238, 'NELLIE GARRETT'),
(239, 'MINNIE ROMERO'),
(240, 'MARLENE WELCH'),
(242, 'GLENDA FRAZIER'),
(243, 'LYDIA BURKE'),
(245, 'COURTNEY DAY'),
(246, 'MARIAN MENDOZA'),
(247, 'STELLA MORENO'),
(249, 'DORA MEDINA'),
(250, 'JO FOWLER'),
(251, 'VICKIE BREWER'),
(254, 'MAXINE SILVA'),
(256, 'MABEL HOLLAND'),
(257, 'MARSHA DOUGLAS'),
(261, 'DEANNA BYRD'),
(263, 'HILDA HOPKINS'),
(265, 'JENNIE TERRY'),
(266, 'NORA HERRERA'),
(267, 'MARGIE WADE'),
(269, 'CASSANDRA WALTERS'),
(270, 'LEAH CURTIS'),
(272, 'KAY CALDWELL'),
(273, 'PRISCILLA LOWE'),
(274, 'NAOMI JENNINGS'),
(277, 'OLGA JIMENEZ'),
(282, 'JENNY CASTRO'),
(286, 'VELMA LUCAS'),
(288, 'BOBBIE CRAIG'),
(290, 'KRISTINA CHAMBERS'),
(291, 'TONI HOLT'),
(296, 'RAMONA HALE'),
(297, 'SHERRI RHODES'),
(301, 'ROBERT BAUGHMAN'),
(302, 'MICHAEL SILVERMAN'),
(303, 'WILLIAM SATTERFIELD'),
(304, 'DAVID ROYAL'),
(305, 'RICHARD MCCRARY'),
(309, 'CHRISTOPHER GRECO'),
(310, 'DANIEL CABRAL'),
(311, 'PAUL TROUT'),
(312, 'MARK RINEHART'),
(314, 'GEORGE LINTON'),
(316, 'STEVEN CURLEY'),
(317, 'EDWARD BAUGH'),
(318, 'BRIAN WYMAN'),
(319, 'RONALD WEINER'),
(321, 'KEVIN SCHULER'),
(322, 'JASON MORRISSEY'),
(323, 'MATTHEW MAHAN'),
(325, 'TIMOTHY BUNN'),
(331, 'ERIC ROBERT'),
(333, 'ANDREW PURDY'),
(334, 'RAYMOND MCWHORTER'),
(343, 'DOUGLAS GRAF'),
(344, 'HENRY BILLINGSLEY'),
(345, 'CARL ARTIS'),
(346, 'ARTHUR SIMPKINS'),
(348, 'ROGER QUINTANILLA'),
(350, 'JUAN FRALEY'),
(354, 'JUSTIN NGO'),
(357, 'KEITH RICO'),
(359, 'WILLIE MARKHAM'),
(365, 'BRUCE SCHWARZ'),
(368, 'HARRY ARCE'),
(369, 'FRED WHEAT'),
(371, 'BILLY POULIN'),
(373, 'LOUIS LEONE'),
(375, 'AARON SELBY'),
(379, 'CARLOS COUGHLIN'),
(381, 'BOBBY BOUDREAU'),
(383, 'MARTIN BALES'),
(384, 'ERNEST STEPP'),
(387, 'JESSE SCHILLING'),
(388, 'CRAIG MORRELL'),
(390, 'SHAWN HEATON'),
(391, 'CLARENCE GAMEZ'),
(394, 'CHRIS BROTHERS'),
(399, 'DANNY ISOM'),
(400, 'BRYAN HARDISON'),
(401, 'TONY CARRANZA'),
(405, 'LEONARD SCHOFIELD'),
(408, 'MANUEL MURRELL'),
(409, 'RODNEY MOELLER'),
(412, 'ALLEN BUTTERFIELD'),
(413, 'MARVIN YEE'),
(414, 'VINCENT RALSTON'),
(416, 'JEFFERY PINSON'),
(417, 'TRAVIS ESTEP'),
(419, 'CHAD CARBONE'),
(427, 'JESUS MCCARTNEY'),
(429, 'FREDERICK ISBELL'),
(430, 'RAY HOULE'),
(433, 'DON BONE'),
(436, 'TROY QUIGLEY'),
(437, 'RANDALL NEUMANN'),
(438, 'BARRY LOVELACE'),
(439, 'ALEXANDER FENNELL'),
(444, 'MARCUS HIDALGO'),
(446, 'THEODORE CULP'),
(448, 'MIGUEL BETANCOURT'),
(449, 'OSCAR AQUINO'),
(451, 'JIM REA'),
(455, 'JON WILES'),
(456, 'RONNIE RICKETTS'),
(459, 'TOMMY COLLAZO'),
(460, 'LEON BOSTIC'),
(462, 'WARREN SHERROD'),
(464, 'JEROME KENYON'),
(467, 'ALVIN DELOACH'),
(468, 'TIM CARY'),
(469, 'WESLEY BULL'),
(470, 'GORDON ALLARD'),
(472, 'GREG ROBINS'),
(479, 'ZACHARY HITE'),
(482, 'MAURICE CRAWLEY'),
(484, 'ROBERTO VU'),
(489, 'RICARDO MEADOR'),
(492, 'LESTER KRAUS'),
(498, 'GENE SANBORN'),
(499, 'MARC OUTLAW'),
(500, 'REGINALD KINDER'),
(502, 'BRETT CORNWELL'),
(503, 'ANGEL BARCLAY'),
(504, 'NATHANIEL ADAM'),
(505, 'RAFAEL ABNEY'),
(506, 'LESLIE SEWARD'),
(507, 'EDGAR RHOADS'),
(509, 'RAUL FORTIER'),
(510, 'BEN EASTER'),
(511, 'CHESTER BENNER'),
(515, 'ANDRE RAPP'),
(523, 'HARVEY GUAJARDO'),
(524, 'JARED ELY'),
(528, 'CLAUDE HERZOG'),
(531, 'JAMIE WAUGH'),
(532, 'NEIL RENNER'),
(533, 'JESSIE MILAM'),
(534, 'CHRISTIAN JUNG'),
(535, 'JAVIER ELROD'),
(536, 'FERNANDO CHURCHILL'),
(539, 'MATHEW BOLIN'),
(542, 'LONNIE TIRADO'),
(543, 'LANCE PEMBERTON'),
(545, 'JULIO NOLAND'),
(546, 'KELLY KNOTT'),
(547, 'KURT EMMONS'),
(548, 'ALLAN CORNISH'),
(549, 'NELSON CHRISTENSON'),
(551, 'CLAYTON BARBEE'),
(552, 'HUGH WALDROP'),
(556, 'ARMANDO GRUBER'),
(560, 'JORDAN ARCHULETA'),
(564, 'BOB PFEIFFER'),
(566, 'CASEY MENA'),
(569, 'DAVE GARDINER'),
(571, 'JOHNNIE CHISHOLM'),
(575, 'ISAAC OGLESBY'),
(577, 'CLIFTON MALCOLM'),
(582, 'ANDY VANHORN'),
(586, 'KIRK STCLAIR'),
(587, 'SERGIO STANFIELD'),
(594, 'EDUARDO HIATT'),
(596, 'ENRIQUE FORSYTHE'),
(597, 'FREDDIE DUGGAN');

-- --------------------------------------------------------

--
-- Struktur dari tabel `fakta_pendapatan`
--

CREATE TABLE `fakta_pendapatan` (
  `time_id` int(5) NOT NULL,
  `customer_id` smallint(5) NOT NULL,
  `store_id` smallint(3) NOT NULL,
  `film_id` smallint(5) NOT NULL,
  `amount` decimal(5,2) NOT NULL,
  `lamapinjam` int(3) DEFAULT NULL
) ENGINE=InnoDB DEFAULT CHARSET=latin1;

--
-- Dumping data untuk tabel `fakta_pendapatan`
--

INSERT INTO `fakta_pendapatan` (`time_id`, `customer_id`, `store_id`, `film_id`, `amount`, `lamapinjam`) VALUES
(1, 130, 1, 80, '2.99', 2),
(1, 222, 1, 450, '6.99', 9),
(1, 239, 2, 510, '4.99', 3),
(1, 269, 2, 870, '1.99', 5),
(1, 333, 2, 535, '4.99', 10),
(1, 408, 1, 373, '3.99', 8),
(1, 459, 1, 333, '2.99', 4),
(1, 549, 1, 613, '0.99', 3),
(2, 1, 2, 663, '2.99', 9),
(2, 6, 2, 858, '4.99', 4),
(2, 7, 2, 730, '5.99', 8),
(2, 7, 2, 931, '0.99', 6),
(2, 18, 1, 973, '4.99', 1),
(2, 18, 2, 432, '2.99', 3),
(2, 19, 2, 893, '9.99', 9),
(2, 19, 2, 741, '0.99', 6),
(2, 23, 2, 902, '8.99', 10),
(2, 25, 1, 654, '7.99', 7),
(2, 35, 1, 478, '3.99', 5),
(2, 37, 2, 863, '0.99', 2),
(2, 40, 1, 941, '4.99', 4),
(2, 43, 1, 390, '4.99', 1),
(2, 44, 2, 132, '0.99', 5),
(2, 44, 1, 117, '4.99', 3),
(2, 48, 2, 489, '0.99', 3),
(2, 49, 2, 748, '1.99', 5),
(2, 51, 2, 300, '4.99', 4),
(2, 53, 2, 480, '3.99', 4),
(2, 56, 2, 869, '3.99', 5),
(2, 73, 2, 468, '2.99', 2),
(2, 82, 1, 852, '2.99', 6),
(2, 86, 2, 257, '1.99', 4),
(2, 88, 1, 288, '2.99', 4),
(2, 89, 1, 176, '2.99', 8),
(2, 93, 2, 649, '2.99', 2),
(2, 94, 1, 440, '2.99', 8),
(2, 100, 1, 525, '0.99', 3),
(2, 108, 2, 173, '4.99', 5),
(2, 119, 2, 54, '0.99', 2),
(2, 120, 2, 878, '7.99', 6),
(2, 126, 1, 565, '4.99', 3),
(2, 131, 1, 252, '2.99', 5),
(2, 131, 1, 103, '4.99', 2),
(2, 135, 2, 887, '5.99', 6),
(2, 142, 2, 971, '8.99', 8),
(2, 174, 1, 382, '5.99', 8),
(2, 185, 2, 770, '2.99', 2),
(2, 196, 2, 791, '11.99', 10),
(2, 197, 1, 366, '2.99', 5),
(2, 207, 2, 976, '0.99', 6),
(2, 207, 2, 681, '0.99', 4),
(2, 208, 1, 571, '4.99', 8),
(2, 222, 1, 491, '4.99', 8),
(2, 227, 1, 814, '4.99', 3),
(2, 230, 1, 839, '0.99', 0),
(2, 232, 2, 887, '4.99', 1),
(2, 237, 2, 89, '0.99', 5),
(2, 242, 1, 724, '2.99', 5),
(2, 245, 2, 726, '4.99', 9),
(2, 246, 2, 48, '6.99', 5),
(2, 250, 2, 915, '5.99', 8),
(2, 256, 1, 278, '4.99', 1),
(2, 257, 1, 73, '2.99', 4),
(2, 261, 2, 347, '4.99', 5),
(2, 263, 2, 284, '4.99', 3),
(2, 265, 2, 379, '0.99', 1),
(2, 266, 1, 491, '1.99', 5),
(2, 267, 1, 28, '6.99', 7),
(2, 269, 2, 651, '0.99', 2),
(2, 272, 1, 367, '0.99', 2),
(2, 273, 1, 638, '3.99', 8),
(2, 282, 1, 387, '1.99', 8),
(2, 286, 2, 572, '6.99', 8),
(2, 288, 1, 951, '3.99', 9),
(2, 291, 2, 611, '4.99', 7),
(2, 297, 2, 186, '0.99', 2),
(2, 301, 2, 271, '4.99', 5),
(2, 302, 2, 169, '5.99', 6),
(2, 302, 1, 557, '4.99', 7),
(2, 304, 1, 21, '10.99', 9),
(2, 305, 2, 705, '2.99', 2),
(2, 310, 1, 932, '0.99', 2),
(2, 314, 2, 543, '5.99', 6),
(2, 316, 2, 86, '4.99', 1),
(2, 317, 2, 621, '6.99', 9),
(2, 319, 1, 670, '9.99', 9),
(2, 323, 1, 670, '4.99', 3),
(2, 325, 2, 177, '5.99', 5),
(2, 331, 2, 348, '0.99', 4),
(2, 334, 1, 499, '6.99', 5),
(2, 343, 1, 82, '3.99', 6),
(2, 346, 1, 776, '4.99', 4),
(2, 350, 1, 721, '4.99', 2),
(2, 354, 1, 142, '0.99', 2),
(2, 357, 2, 368, '2.99', 7),
(2, 365, 2, 8, '5.99', 7),
(2, 368, 1, 16, '5.99', 9),
(2, 368, 1, 212, '5.99', 8),
(2, 369, 1, 979, '4.99', 5),
(2, 371, 1, 953, '3.99', 6),
(2, 383, 1, 873, '0.99', 2),
(2, 384, 1, 735, '4.99', 9),
(2, 388, 2, 31, '4.99', 1),
(2, 391, 2, 114, '4.99', 7),
(2, 399, 2, 396, '5.99', 6),
(2, 400, 2, 39, '3.99', 8),
(2, 405, 1, 234, '2.99', 4),
(2, 408, 1, 633, '5.99', 7),
(2, 413, 1, 579, '4.99', 2),
(2, 414, 1, 103, '4.99', 4),
(2, 419, 1, 58, '2.99', 5),
(2, 427, 1, 304, '6.99', 7),
(2, 430, 1, 819, '2.99', 5),
(2, 436, 2, 403, '7.99', 8),
(2, 438, 1, 971, '4.99', 4),
(2, 439, 1, 445, '2.99', 3),
(2, 446, 1, 593, '0.99', 1),
(2, 451, 2, 287, '0.99', 1),
(2, 455, 1, 164, '0.99', 4),
(2, 456, 1, 422, '4.99', 6),
(2, 468, 1, 134, '6.99', 6),
(2, 470, 1, 73, '2.99', 5),
(2, 472, 2, 963, '0.99', 4),
(2, 479, 1, 738, '3.99', 6),
(2, 484, 2, 284, '4.99', 2),
(2, 492, 1, 397, '2.99', 4),
(2, 498, 2, 650, '2.99', 5),
(2, 499, 1, 471, '2.99', 4),
(2, 500, 1, 465, '8.99', 8),
(2, 503, 2, 233, '1.99', 4),
(2, 504, 1, 500, '5.99', 6),
(2, 506, 1, 982, '3.99', 7),
(2, 507, 2, 875, '0.99', 6),
(2, 509, 2, 159, '4.99', 1),
(2, 510, 1, 745, '8.99', 9),
(2, 511, 1, 298, '2.99', 1),
(2, 523, 2, 84, '4.99', 6),
(2, 524, 1, 191, '0.99', 6),
(2, 532, 2, 564, '2.99', 1),
(2, 535, 1, 89, '0.99', 4),
(2, 560, 2, 569, '2.99', 7),
(2, 569, 2, 277, '4.99', 2),
(2, 575, 1, 181, '2.99', 2),
(2, 586, 2, 898, '4.99', 4),
(2, 597, 2, 573, '2.99', 4),
(3, 14, 1, 646, '0.99', 4),
(3, 17, 1, 792, '2.99', 7),
(3, 19, 1, 563, '6.99', 8),
(3, 20, 1, 147, '2.99', 7),
(3, 21, 2, 96, '3.99', 5),
(3, 29, 2, 295, '1.99', 4),
(3, 33, 1, 600, '2.99', 7),
(3, 45, 1, 308, '2.99', 2),
(3, 47, 2, 21, '4.99', 1),
(3, 47, 2, 947, '3.99', 8),
(3, 47, 2, 56, '6.99', 10),
(3, 48, 2, 349, '2.99', 1),
(3, 49, 2, 26, '3.99', 6),
(3, 54, 1, 388, '4.99', 9),
(3, 57, 1, 575, '9.99', 8),
(3, 58, 1, 271, '7.99', 8),
(3, 58, 1, 242, '0.99', 4),
(3, 59, 2, 167, '4.99', 4),
(3, 60, 2, 561, '4.99', 8),
(3, 65, 2, 878, '4.99', 1),
(3, 71, 1, 462, '2.99', 2),
(3, 71, 2, 216, '9.99', 8),
(3, 75, 1, 603, '4.99', 6),
(3, 75, 1, 374, '0.99', 1),
(3, 77, 1, 664, '2.99', 4),
(3, 81, 1, 534, '0.99', 2),
(3, 82, 2, 775, '8.99', 8),
(3, 83, 2, 602, '0.99', 5),
(3, 91, 1, 306, '5.99', 8),
(3, 92, 2, 521, '5.99', 8),
(3, 98, 2, 319, '3.99', 5),
(3, 102, 2, 892, '4.99', 2),
(3, 103, 1, 749, '7.99', 9),
(3, 104, 1, 501, '10.99', 9),
(3, 107, 1, 806, '5.99', 7),
(3, 109, 1, 740, '5.99', 8),
(3, 114, 2, 68, '4.99', 3),
(3, 114, 1, 719, '4.99', 1),
(3, 119, 1, 773, '5.99', 9),
(3, 121, 2, 961, '4.99', 5),
(3, 125, 2, 571, '3.99', 7),
(3, 133, 1, 374, '6.99', 9),
(3, 142, 2, 924, '0.99', 6),
(3, 143, 1, 783, '2.99', 3),
(3, 143, 2, 437, '2.99', 7),
(3, 151, 1, 239, '4.99', 2),
(3, 158, 2, 397, '5.99', 8),
(3, 158, 2, 668, '4.99', 1),
(3, 162, 2, 545, '1.99', 5),
(3, 167, 1, 413, '2.99', 1),
(3, 170, 1, 872, '2.99', 2),
(3, 176, 2, 630, '0.99', 3),
(3, 182, 1, 646, '0.99', 1),
(3, 184, 1, 43, '2.99', 1),
(3, 185, 2, 299, '0.99', 3),
(3, 187, 1, 267, '7.99', 7),
(3, 193, 2, 349, '2.99', 3),
(3, 196, 2, 326, '5.99', 9),
(3, 197, 2, 149, '0.99', 2),
(3, 200, 2, 46, '9.99', 8),
(3, 201, 1, 621, '3.99', 6),
(3, 203, 2, 625, '0.99', 2),
(3, 204, 1, 948, '0.99', 3),
(3, 211, 1, 112, '4.99', 1),
(3, 214, 1, 454, '1.99', 7),
(3, 214, 2, 40, '3.99', 7),
(3, 221, 2, 911, '4.99', 5),
(3, 236, 2, 927, '2.99', 2),
(3, 237, 2, 961, '4.99', 6),
(3, 238, 1, 624, '4.99', 3),
(3, 240, 2, 621, '2.99', 3),
(3, 242, 1, 772, '3.99', 5),
(3, 243, 1, 734, '4.99', 0),
(3, 245, 2, 970, '0.99', 2),
(3, 247, 1, 219, '4.99', 1),
(3, 249, 2, 838, '4.99', 3),
(3, 250, 2, 187, '3.99', 6),
(3, 251, 2, 449, '2.99', 1),
(3, 251, 2, 424, '1.99', 7),
(3, 254, 1, 631, '2.99', 6),
(3, 256, 2, 646, '0.99', 1),
(3, 257, 1, 232, '2.99', 5),
(3, 263, 2, 727, '0.99', 1),
(3, 270, 2, 851, '1.99', 4),
(3, 274, 2, 138, '2.99', 3),
(3, 274, 2, 756, '2.99', 6),
(3, 274, 1, 803, '4.99', 1),
(3, 277, 2, 42, '6.99', 9),
(3, 282, 2, 980, '6.99', 6),
(3, 290, 1, 410, '2.99', 6),
(3, 296, 2, 272, '4.99', 1),
(3, 301, 1, 48, '5.99', 4),
(3, 303, 1, 492, '0.99', 6),
(3, 309, 2, 496, '6.99', 9),
(3, 311, 1, 142, '5.99', 8),
(3, 312, 2, 251, '4.99', 5),
(3, 318, 1, 933, '9.99', 9),
(3, 319, 2, 242, '3.99', 7),
(3, 321, 1, 856, '4.99', 5),
(3, 322, 2, 767, '4.99', 1),
(3, 322, 1, 850, '0.99', 5),
(3, 344, 2, 197, '2.99', 0),
(3, 345, 1, 374, '0.99', 1),
(3, 348, 1, 849, '0.99', 1),
(3, 354, 2, 523, '1.99', 8),
(3, 359, 2, 77, '8.99', 9),
(3, 365, 1, 878, '4.99', 1),
(3, 369, 1, 603, '4.99', 2),
(3, 371, 2, 70, '6.99', 9),
(3, 373, 2, 563, '4.99', 3),
(3, 375, 1, 244, '8.99', 9),
(3, 379, 1, 159, '4.99', 1),
(3, 381, 2, 382, '0.99', 1),
(3, 384, 2, 143, '2.99', 8),
(3, 387, 2, 641, '4.99', 8),
(3, 390, 2, 398, '4.99', 5),
(3, 391, 2, 6, '5.99', 6),
(3, 391, 2, 391, '2.99', 1),
(3, 394, 2, 329, '3.99', 5),
(3, 400, 2, 979, '6.99', 8),
(3, 401, 1, 190, '4.99', 1),
(3, 409, 1, 129, '6.99', 7),
(3, 412, 1, 951, '0.99', 2),
(3, 414, 2, 301, '3.99', 7),
(3, 416, 1, 650, '0.99', 1),
(3, 417, 2, 268, '4.99', 4),
(3, 429, 1, 609, '2.99', 4),
(3, 429, 2, 202, '5.99', 6),
(3, 433, 2, 313, '8.99', 9),
(3, 436, 1, 702, '3.99', 5),
(3, 437, 1, 413, '2.99', 7),
(3, 444, 2, 169, '8.99', 9),
(3, 446, 1, 280, '0.99', 2),
(3, 448, 2, 956, '4.99', 2),
(3, 449, 2, 256, '4.99', 4),
(3, 460, 1, 686, '4.99', 4),
(3, 460, 2, 241, '0.99', 3),
(3, 462, 1, 702, '2.99', 1),
(3, 464, 2, 585, '3.99', 7),
(3, 467, 2, 141, '4.99', 6),
(3, 468, 2, 848, '6.99', 9),
(3, 468, 2, 391, '4.99', 8),
(3, 469, 2, 595, '0.99', 7),
(3, 472, 2, 530, '2.99', 2),
(3, 482, 2, 6, '8.99', 9),
(3, 489, 1, 676, '4.99', 2),
(3, 502, 2, 773, '2.99', 4),
(3, 505, 1, 757, '2.99', 3),
(3, 515, 1, 927, '6.99', 10),
(3, 515, 1, 872, '8.99', 9),
(3, 528, 1, 401, '0.99', 4),
(3, 531, 2, 156, '4.99', 2),
(3, 533, 2, 786, '0.99', 2),
(3, 533, 1, 863, '1.99', 6),
(3, 534, 1, 370, '5.99', 7),
(3, 536, 1, 54, '0.99', 3),
(3, 539, 1, 81, '4.99', 1),
(3, 542, 1, 279, '4.99', 6),
(3, 543, 2, 375, '6.99', 8),
(3, 545, 2, 416, '0.99', 5),
(3, 546, 2, 915, '5.99', 8),
(3, 547, 1, 610, '0.99', 2),
(3, 548, 2, 775, '6.99', 6),
(3, 551, 1, 65, '7.99', 6),
(3, 552, 2, 862, '0.99', 2),
(3, 556, 1, 429, '0.99', 2),
(3, 564, 2, 112, '5.99', 5),
(3, 566, 2, 292, '5.99', 8),
(3, 571, 1, 113, '9.99', 9),
(3, 577, 2, 109, '5.99', 8),
(3, 582, 2, 269, '0.99', 1),
(3, 587, 2, 527, '4.99', 3),
(3, 594, 2, 902, '4.99', 3),
(3, 596, 2, 246, '4.99', 1);

-- --------------------------------------------------------

--
-- Struktur dari tabel `film`
--

CREATE TABLE `film` (
  `film_id` smallint(5) NOT NULL,
  `judul` varchar(255) CHARACTER SET utf8 DEFAULT NULL,
  `kategori` varchar(25) CHARACTER SET utf8 DEFAULT NULL
) ENGINE=InnoDB DEFAULT CHARSET=latin1;

--
-- Dumping data untuk tabel `film`
--

INSERT INTO `film` (`film_id`, `judul`, `kategori`) VALUES
(6, 'AGENT TRUMAN', 'Foreign'),
(8, 'AIRPORT POLLOCK', 'Horror'),
(16, 'ALLEY EVOLUTION', 'Foreign'),
(21, 'AMERICAN CIRCUS', 'Action'),
(26, 'ANNIE IDENTITY', 'Sci-Fi'),
(28, 'ANTHEM LUKE', 'Comedy'),
(31, 'APACHE DIVINE', 'Family'),
(39, 'ARMAGEDDON LOST', 'Sci-Fi'),
(40, 'ARMY FLINTSTONES', 'Documentary'),
(42, 'ARTIST COLDBLOODED', 'Sports'),
(43, 'ATLANTIS CAUSE', 'Family'),
(46, 'AUTUMN CROW', 'Games'),
(48, 'BACKLASH UNDEFEATED', 'Children'),
(54, 'BANGER PINOCCHIO', 'Music'),
(56, 'BAREFOOT MANCHURIAN', 'Action'),
(58, 'BEACH HEARTBREAKERS', 'Documentary'),
(65, 'BEHAVIOR RUNAWAY', 'Horror'),
(68, 'BETRAYED REAR', 'Children'),
(70, 'BIKINI BORROWERS', 'Animation'),
(73, 'BINGO TALENTED', 'Sci-Fi'),
(77, 'BIRDS PERDITION', 'New'),
(80, 'BLANKET BEVERLY', 'Family'),
(81, 'BLINDNESS GUN', 'Sci-Fi'),
(82, 'BLOOD ARGONAUTS', 'Family'),
(84, 'BOILED DARES', 'Travel'),
(86, 'BOOGIE AMELIE', 'Music'),
(89, 'BORROWERS BEDAZZLED', 'Animation'),
(96, 'BREAKING HOME', 'New'),
(103, 'BUCKET BROTHERHOOD', 'Travel'),
(109, 'BUTTERFLY CHOCOLAT', 'New'),
(112, 'CALENDAR GUNFIGHT', 'Foreign'),
(113, 'CALIFORNIA BIRDS', 'Sports'),
(114, 'CAMELOT VACATION', 'Sci-Fi'),
(117, 'CANDLES GRAPES', 'Games'),
(129, 'CAUSE DATE', 'Documentary'),
(132, 'CHAINSAW UPTOWN', 'Sci-Fi'),
(134, 'CHAMPION FLATLINERS', 'Animation'),
(138, 'CHARIOTS CONSPIRACY', 'Sci-Fi'),
(141, 'CHICAGO NORTH', 'Games'),
(142, 'CHICKEN HELLFIGHTERS', 'Documentary'),
(143, 'CHILL LUCK', 'Drama'),
(147, 'CHOCOLAT HARRY', 'Family'),
(149, 'CHRISTMAS MOONSHINE', 'Children'),
(156, 'CLERKS ANGELS', 'Documentary'),
(159, 'CLOSER BANG', 'Comedy'),
(164, 'COAST RAINBOW', 'Documentary'),
(167, 'COMA HEAD', 'Travel'),
(169, 'COMFORTS RUSH', 'Travel'),
(173, 'CONFESSIONS MAGUIRE', 'Drama'),
(176, 'CONGENIALITY QUEST', 'Sports'),
(177, 'CONNECTICUT TRAMP', 'Sci-Fi'),
(181, 'CONTACT ANONYMOUS', 'Travel'),
(186, 'CRAFT OUTFIELD', 'Drama'),
(187, 'CRANES RESERVOIR', 'Sports'),
(190, 'CREEPERS KANE', 'Classics'),
(191, 'CROOKED FROGMEN', 'Children'),
(197, 'CRUSADE HONEY', 'Sports'),
(202, 'DADDY PITTSBURGH', 'Comedy'),
(212, 'DARN FORRESTER', 'Action'),
(216, 'DAY UNFAITHFUL', 'New'),
(219, 'DEEP CRUSADE', 'Documentary'),
(232, 'DIRTY ACE', 'Games'),
(233, 'DISCIPLE MOTHER', 'Travel'),
(234, 'DISTURBING SCARFACE', 'Sci-Fi'),
(239, 'DOGMA FAMILY', 'Animation'),
(241, 'DONNIE ALLEY', 'Animation'),
(242, 'DOOM DANCING', 'Comedy'),
(244, 'DORADO NOTTING', 'Music'),
(246, 'DOUBTFIRE LABYRINTH', 'Foreign'),
(251, 'DRAGONFLY STRANGERS', 'New'),
(252, 'DREAM PICKUP', 'Action'),
(256, 'DROP WATERFRONT', 'Sports'),
(257, 'DRUMLINE CYCLONE', 'Travel'),
(267, 'EAGLES PANKY', 'New'),
(268, 'EARLY HOME', 'Animation'),
(269, 'EARRING INSTINCT', 'Family'),
(271, 'EASY GLADIATOR', 'Action'),
(272, 'EDGE KISSING', 'Drama'),
(277, 'ELEPHANT TROJAN', 'Horror'),
(278, 'ELF MURDER', 'Music'),
(279, 'ELIZABETH SHANE', 'Sports'),
(280, 'EMPIRE MALKOVICH', 'Children'),
(284, 'ENEMY ODDS', 'Music'),
(287, 'ENTRAPMENT SATISFACTION', 'Action'),
(288, 'ESCAPE METROPOLIS', 'Travel'),
(292, 'EXCITEMENT EVE', 'Action'),
(295, 'EXPENDABLE STALLION', 'Documentary'),
(298, 'EYES DRIVING', 'Sci-Fi'),
(299, 'FACTORY DRAGON', 'Travel'),
(300, 'FALCON VOLUME', 'Animation'),
(301, 'FAMILY SWEET', 'Horror'),
(304, 'FARGO GANDHI', 'Children'),
(306, 'FEATHERS METAL', 'Games'),
(308, 'FERRIS MOTHER', 'Comedy'),
(313, 'FIDELITY DEVIL', 'Horror'),
(319, 'FISH OPUS', 'Sci-Fi'),
(326, 'FLYING HOOK', 'Animation'),
(329, 'FORREST SONS', 'Action'),
(333, 'FREAKY POCUS', 'Music'),
(347, 'GAMES BOWFINGER', 'Travel'),
(348, 'GANDHI KWAI', 'Family'),
(349, 'GANGS PRIDE', 'Animation'),
(366, 'GOLDFINGER SENSIBILITY', 'Drama'),
(367, 'GOLDMINE TYCOON', 'Sci-Fi'),
(368, 'GONE TROUBLE', 'Drama'),
(370, 'GORGEOUS BINGO', 'Children'),
(373, 'GRADUATE LORD', 'Children'),
(374, 'GRAFFITI LOVE', 'Sci-Fi'),
(375, 'GRAIL FRANKENSTEIN', 'Action'),
(379, 'GREEDY ROOTS', 'Drama'),
(382, 'GRIT CLOCKWORK', 'Games'),
(387, 'GUN BONNIE', 'Games'),
(388, 'GUNFIGHT MOON', 'Comedy'),
(390, 'GUYS FALCON', 'Sci-Fi'),
(391, 'HALF OUTFIELD', 'Family'),
(396, 'HANGING DEEP', 'Drama'),
(397, 'HANKY OCTOBER', 'Sci-Fi'),
(398, 'HANOVER GALAXY', 'Music'),
(401, 'HAROLD FRENCH', 'Drama'),
(403, 'HARRY IDAHO', 'Drama'),
(410, 'HEAVEN FREEDOM', 'Comedy'),
(413, 'HEDWIG ALTER', 'Comedy'),
(416, 'HIGHBALL POTTER', 'Foreign'),
(422, 'HOLLOW JEOPARDY', 'Sci-Fi'),
(424, 'HOLOCAUST HIGHBALL', 'Children'),
(429, 'HONEY TIES', 'Sports'),
(432, 'HOPE TOOTSIE', 'Classics'),
(437, 'HOUSE DYNAMITE', 'Family'),
(440, 'HUNGER ROOF', 'Foreign'),
(445, 'HYDE DOCTOR', 'Classics'),
(449, 'IDENTITY LOVER', 'Sci-Fi'),
(450, 'IDOLS SNATCHERS', 'Children'),
(454, 'IMPACT ALADDIN', 'Music'),
(462, 'INSIDER ARIZONA', 'Music'),
(465, 'INTERVIEW LIAISONS', 'New'),
(468, 'INVASION CYCLONE', 'Children'),
(471, 'ISLAND EXORCIST', 'Classics'),
(478, 'JAWS HARRY', 'Comedy'),
(480, 'JEEPERS WEDDING', 'Classics'),
(489, 'JUGGLER HARDLY', 'Animation'),
(491, 'JUMPING WRATH', 'Children'),
(492, 'JUNGLE CLOSER', 'New'),
(496, 'KICK SAVANNAH', 'Travel'),
(499, 'KING EVOLUTION', 'Family'),
(500, 'KISS GLORY', 'Foreign'),
(501, 'KISSING DOLLS', 'Action'),
(510, 'LAWLESS VISION', 'Animation'),
(521, 'LIES TREATMENT', 'Drama'),
(523, 'LIGHTS DEER', 'Classics'),
(525, 'LOATHING LEGALLY', 'Classics'),
(527, 'LOLA AGENT', 'Horror'),
(530, 'LORD ARIZONA', 'Action'),
(534, 'LOUISIANA HARRY', 'Family'),
(535, 'LOVE SUICIDES', 'Horror'),
(543, 'MADIGAN DORADO', 'Travel'),
(545, 'MADNESS ATTACKS', 'Foreign'),
(557, 'MANCHURIAN CURTAIN', 'Family'),
(561, 'MASK PEACH', 'New'),
(563, 'MASSACRE USUAL', 'Games'),
(564, 'MASSAGE IMAGE', 'Animation'),
(565, 'MATRIX SNOWMAN', 'Foreign'),
(569, 'MENAGERIE RUSHMORE', 'Animation'),
(571, 'METAL ARMAGEDDON', 'Documentary'),
(572, 'METROPOLIS COMA', 'Sci-Fi'),
(573, 'MICROCOSMOS PARADISE', 'Children'),
(575, 'MIDSUMMER GROUNDHOG', 'Documentary'),
(579, 'MINDS TRUMAN', 'Action'),
(585, 'MOB DUFFEL', 'Drama'),
(593, 'MONTEREY LABYRINTH', 'Horror'),
(595, 'MOON BUNCH', 'Foreign'),
(600, 'MOTIONS DETAILS', 'Horror'),
(602, 'MOURNING PURPLE', 'Sci-Fi'),
(603, 'MOVIE SHAKESPEARE', 'Family'),
(609, 'MUSCLE BRIGHT', 'Travel'),
(610, 'MUSIC BOONDOCK', 'Family'),
(611, 'MUSKETEERS WAIT', 'Classics'),
(613, 'MYSTIC TRUMAN', 'Comedy'),
(621, 'NETWORK PEAK', 'Family'),
(624, 'NIGHTMARE CHILL', 'Games'),
(625, 'NONE SPIKING', 'Sci-Fi'),
(630, 'NOTTING SPEAKEASY', 'Drama'),
(631, 'NOVOCAINE FLIGHT', 'Sports'),
(633, 'OCTOBER SUBMARINE', 'Classics'),
(638, 'OPERATION OPERATION', 'Comedy'),
(641, 'ORANGE GRAPES', 'Foreign'),
(646, 'OUTBREAK DIVINE', 'Games'),
(649, 'OZ LIAISONS', 'Animation'),
(650, 'PACIFIC AMISTAD', 'Documentary'),
(651, 'PACKER MADIGAN', 'Animation'),
(654, 'PANKY SUBMARINE', 'Games'),
(663, 'PATIENT SISTER', 'Classics'),
(664, 'PATRIOT ROMAN', 'Action'),
(668, 'PEAK FOREVER', 'Sports'),
(670, 'PELICAN COMFORTS', 'Documentary'),
(676, 'PHILADELPHIA WIFE', 'Sports'),
(681, 'PIRATES ROXANNE', 'Sports'),
(686, 'PLUTO OLEANDER', 'New'),
(702, 'PULP BEVERLY', 'Horror'),
(705, 'PURPLE MOVIE', 'Foreign'),
(719, 'RECORDS ZORRO', 'Sports'),
(721, 'REDS POCUS', 'Music'),
(724, 'REMEMBER DIARY', 'Family'),
(726, 'RESERVOIR ADAPTATION', 'Foreign'),
(727, 'RESURRECTION SILVERADO', 'Family'),
(730, 'RIDGEMONT SUBMARINE', 'New'),
(734, 'ROAD ROXANNE', 'Documentary'),
(735, 'ROBBERS JOON', 'Children'),
(738, 'ROCKETEER MOTHER', 'Foreign'),
(740, 'ROLLERCOASTER BRINGING', 'Horror'),
(741, 'ROMAN PUNK', 'Music'),
(745, 'ROSES TREASURE', 'Sports'),
(748, 'RUGRATS SHAKESPEARE', 'Action'),
(749, 'RULES HUMAN', 'Horror'),
(756, 'SADDLE ANTITRUST', 'Comedy'),
(757, 'SAGEBRUSH CLUELESS', 'Documentary'),
(767, 'SCALAWAG DUCK', 'Music'),
(770, 'SCISSORHANDS SLUMS', 'Foreign'),
(772, 'SEA VIRGIN', 'Drama'),
(773, 'SEABISCUIT PUNK', 'Sports'),
(775, 'SEATTLE EXPECATIONS', 'Drama'),
(776, 'SECRET GROUNDHOG', 'Documentary'),
(783, 'SHANE DARKNESS', 'Travel'),
(786, 'SHEPHERD MIDSUMMER', 'Children'),
(791, 'SHOW LORD', 'Documentary'),
(792, 'SHREK LICENSE', 'Foreign'),
(803, 'SLACKER LIAISONS', 'Drama'),
(806, 'SLEEPY JAPANESE', 'New'),
(814, 'SNATCH SLIPPER', 'Comedy'),
(819, 'SONG HEDWIG', 'Music'),
(838, 'STAGECOACH ARMAGEDDON', 'Action'),
(839, 'STALLION SUNDANCE', 'Sci-Fi'),
(848, 'STONE FIRE', 'Travel'),
(849, 'STORM HAPPINESS', 'Animation'),
(850, 'STORY SIDE', 'Action'),
(851, 'STRAIGHT HOURS', 'Sports'),
(852, 'STRANGELOVE DESIRE', 'Children'),
(856, 'STREETCAR INTENTIONS', 'Horror'),
(858, 'SUBMARINE BED', 'Comedy'),
(862, 'SUMMER SCARFACE', 'Classics'),
(863, 'SUN CONFESSIONS', 'Sci-Fi'),
(869, 'SUSPECTS QUILLS', 'Action'),
(870, 'SWARM GOLD', 'Horror'),
(872, 'SWEET BROTHERHOOD', 'Travel'),
(873, 'SWEETHEARTS SUSPECTS', 'Children'),
(875, 'TALENTED HOMICIDE', 'Sports'),
(878, 'TEEN APOLLO', 'Travel'),
(887, 'THIEF PELICAN', 'Animation'),
(892, 'TITANIC BOONDOCK', 'Animation'),
(893, 'TITANS JERK', 'Sci-Fi'),
(898, 'TOURIST PELICAN', 'Sports'),
(902, 'TRADING PINOCCHIO', 'Sports'),
(911, 'TRIP NEWTON', 'Action'),
(915, 'TRUMAN CRAZY', 'Action'),
(924, 'UNFORGIVEN ZOOLANDER', 'Sci-Fi'),
(927, 'UPRISING UPTOWN', 'Action'),
(931, 'VALENTINE VANISHING', 'Travel'),
(932, 'VALLEY PACKER', 'Comedy'),
(933, 'VAMPIRE WHALE', 'New'),
(941, 'VIDEOTAPE ARSENIC', 'Games'),
(947, 'VISION TORQUE', 'Foreign'),
(948, 'VOICE PEACH', 'New'),
(951, 'VOYAGE LEGALLY', 'Classics'),
(953, 'WAIT CIDER', 'Animation'),
(956, 'WANDA CHAMBER', 'Games'),
(961, 'WASH HEAVENLY', 'Foreign'),
(963, 'WATCH TRACY', 'Animation'),
(970, 'WESTWARD SEABISCUIT', 'Classics'),
(971, 'WHALE BIKINI', 'Foreign'),
(973, 'WIFE TURN', 'Documentary'),
(976, 'WIND PHANTOM', 'Games'),
(979, 'WITCHES PANIC', 'Drama'),
(980, 'WIZARD COLDBLOODED', 'Music'),
(982, 'WOMEN DORADO', 'Action');

-- --------------------------------------------------------

--
-- Struktur dari tabel `store`
--

CREATE TABLE `store` (
  `store_id` smallint(3) NOT NULL,
  `nama_kota` varchar(50) CHARACTER SET utf8 DEFAULT NULL
) ENGINE=InnoDB DEFAULT CHARSET=latin1;

--
-- Dumping data untuk tabel `store`
--

INSERT INTO `store` (`store_id`, `nama_kota`) VALUES
(1, 'Lethbridge'),
(2, 'Woodridge');

-- --------------------------------------------------------

--
-- Struktur dari tabel `time`
--

CREATE TABLE `time` (
  `time_id` int(5) NOT NULL,
  `tahun` varchar(4) CHARACTER SET utf8 DEFAULT NULL,
  `bulan` varchar(2) CHARACTER SET utf8 DEFAULT NULL,
  `tanggal` varchar(2) CHARACTER SET utf8 DEFAULT NULL,
  `tanggallengkap` datetime DEFAULT NULL,
  `namahari` varchar(8) CHARACTER SET utf8 DEFAULT NULL
) ENGINE=InnoDB DEFAULT CHARSET=latin1;

--
-- Dumping data untuk tabel `time`
--

INSERT INTO `time` (`time_id`, `tahun`, `bulan`, `tanggal`, `tanggallengkap`, `namahari`) VALUES
(1, '2005', '5', '24', '2005-05-24 00:00:00', 'Tuesday'),
(2, '2005', '5', '25', '2005-05-25 00:00:00', 'Wednesda'),
(3, '2005', '5', '26', '2005-05-26 00:00:00', 'Thursday'),
(4, '2005', '5', '27', '2005-05-27 00:00:00', 'Friday'),
(5, '2005', '5', '28', '2005-05-28 00:00:00', 'Saturday'),
(6, '2005', '5', '29', '2005-05-29 00:00:00', 'Sunday'),
(7, '2005', '5', '30', '2005-05-30 00:00:00', 'Monday'),
(8, '2005', '5', '31', '2005-05-31 00:00:00', 'Tuesday'),
(9, '2005', '6', '1', '2005-06-01 00:00:00', 'Wednesda'),
(10, '2005', '6', '2', '2005-06-02 00:00:00', 'Thursday'),
(11, '2005', '6', '3', '2005-06-03 00:00:00', 'Friday'),
(12, '2005', '6', '4', '2005-06-04 00:00:00', 'Saturday'),
(13, '2005', '6', '5', '2005-06-05 00:00:00', 'Sunday'),
(14, '2005', '6', '6', '2005-06-06 00:00:00', 'Monday'),
(15, '2005', '6', '7', '2005-06-07 00:00:00', 'Tuesday'),
(16, '2005', '6', '8', '2005-06-08 00:00:00', 'Wednesda'),
(17, '2005', '6', '9', '2005-06-09 00:00:00', 'Thursday'),
(18, '2005', '6', '10', '2005-06-10 00:00:00', 'Friday'),
(19, '2005', '6', '11', '2005-06-11 00:00:00', 'Saturday'),
(20, '2005', '6', '12', '2005-06-12 00:00:00', 'Sunday'),
(21, '2005', '6', '13', '2005-06-13 00:00:00', 'Monday'),
(22, '2005', '6', '14', '2005-06-14 00:00:00', 'Tuesday'),
(23, '2005', '6', '15', '2005-06-15 00:00:00', 'Wednesda'),
(24, '2005', '6', '16', '2005-06-16 00:00:00', 'Thursday'),
(25, '2005', '6', '17', '2005-06-17 00:00:00', 'Friday'),
(26, '2005', '6', '18', '2005-06-18 00:00:00', 'Saturday'),
(27, '2005', '6', '19', '2005-06-19 00:00:00', 'Sunday'),
(28, '2005', '6', '20', '2005-06-20 00:00:00', 'Monday'),
(29, '2005', '6', '21', '2005-06-21 00:00:00', 'Tuesday'),
(30, '2005', '6', '22', '2005-06-22 00:00:00', 'Wednesda'),
(31, '2005', '6', '23', '2005-06-23 00:00:00', 'Thursday'),
(32, '2005', '6', '24', '2005-06-24 00:00:00', 'Friday'),
(33, '2005', '6', '25', '2005-06-25 00:00:00', 'Saturday'),
(34, '2005', '6', '26', '2005-06-26 00:00:00', 'Sunday'),
(35, '2005', '6', '27', '2005-06-27 00:00:00', 'Monday'),
(36, '2005', '6', '28', '2005-06-28 00:00:00', 'Tuesday'),
(37, '2005', '6', '29', '2005-06-29 00:00:00', 'Wednesda'),
(38, '2005', '6', '30', '2005-06-30 00:00:00', 'Thursday'),
(39, '2005', '7', '1', '2005-07-01 00:00:00', 'Friday'),
(40, '2005', '7', '2', '2005-07-02 00:00:00', 'Saturday'),
(41, '2005', '7', '3', '2005-07-03 00:00:00', 'Sunday'),
(42, '2005', '7', '4', '2005-07-04 00:00:00', 'Monday'),
(43, '2005', '7', '5', '2005-07-05 00:00:00', 'Tuesday'),
(44, '2005', '7', '6', '2005-07-06 00:00:00', 'Wednesda'),
(45, '2005', '7', '7', '2005-07-07 00:00:00', 'Thursday'),
(46, '2005', '7', '8', '2005-07-08 00:00:00', 'Friday'),
(47, '2005', '7', '9', '2005-07-09 00:00:00', 'Saturday'),
(48, '2005', '7', '10', '2005-07-10 00:00:00', 'Sunday'),
(49, '2005', '7', '11', '2005-07-11 00:00:00', 'Monday'),
(50, '2005', '7', '12', '2005-07-12 00:00:00', 'Tuesday'),
(51, '2005', '7', '13', '2005-07-13 00:00:00', 'Wednesda'),
(52, '2005', '7', '14', '2005-07-14 00:00:00', 'Thursday'),
(53, '2005', '7', '15', '2005-07-15 00:00:00', 'Friday'),
(54, '2005', '7', '16', '2005-07-16 00:00:00', 'Saturday'),
(55, '2005', '7', '17', '2005-07-17 00:00:00', 'Sunday'),
(56, '2005', '7', '18', '2005-07-18 00:00:00', 'Monday'),
(57, '2005', '7', '19', '2005-07-19 00:00:00', 'Tuesday'),
(58, '2005', '7', '20', '2005-07-20 00:00:00', 'Wednesda'),
(59, '2005', '7', '21', '2005-07-21 00:00:00', 'Thursday'),
(60, '2005', '7', '22', '2005-07-22 00:00:00', 'Friday'),
(61, '2005', '7', '23', '2005-07-23 00:00:00', 'Saturday'),
(62, '2005', '7', '24', '2005-07-24 00:00:00', 'Sunday'),
(63, '2005', '7', '25', '2005-07-25 00:00:00', 'Monday'),
(64, '2005', '7', '26', '2005-07-26 00:00:00', 'Tuesday'),
(65, '2005', '7', '27', '2005-07-27 00:00:00', 'Wednesda'),
(66, '2005', '7', '28', '2005-07-28 00:00:00', 'Thursday'),
(67, '2005', '7', '29', '2005-07-29 00:00:00', 'Friday'),
(68, '2005', '7', '30', '2005-07-30 00:00:00', 'Saturday'),
(69, '2005', '7', '31', '2005-07-31 00:00:00', 'Sunday'),
(70, '2005', '8', '1', '2005-08-01 00:00:00', 'Monday'),
(71, '2005', '8', '2', '2005-08-02 00:00:00', 'Tuesday'),
(72, '2005', '8', '3', '2005-08-03 00:00:00', 'Wednesda'),
(73, '2005', '8', '4', '2005-08-04 00:00:00', 'Thursday'),
(74, '2005', '8', '5', '2005-08-05 00:00:00', 'Friday'),
(75, '2005', '8', '6', '2005-08-06 00:00:00', 'Saturday'),
(76, '2005', '8', '7', '2005-08-07 00:00:00', 'Sunday'),
(77, '2005', '8', '8', '2005-08-08 00:00:00', 'Monday'),
(78, '2005', '8', '9', '2005-08-09 00:00:00', 'Tuesday'),
(79, '2005', '8', '10', '2005-08-10 00:00:00', 'Wednesda'),
(80, '2005', '8', '11', '2005-08-11 00:00:00', 'Thursday'),
(81, '2005', '8', '12', '2005-08-12 00:00:00', 'Friday'),
(82, '2005', '8', '13', '2005-08-13 00:00:00', 'Saturday'),
(83, '2005', '8', '14', '2005-08-14 00:00:00', 'Sunday'),
(84, '2005', '8', '15', '2005-08-15 00:00:00', 'Monday'),
(85, '2005', '8', '16', '2005-08-16 00:00:00', 'Tuesday'),
(86, '2005', '8', '17', '2005-08-17 00:00:00', 'Wednesda'),
(87, '2005', '8', '18', '2005-08-18 00:00:00', 'Thursday'),
(88, '2005', '8', '19', '2005-08-19 00:00:00', 'Friday'),
(89, '2005', '8', '20', '2005-08-20 00:00:00', 'Saturday'),
(90, '2005', '8', '21', '2005-08-21 00:00:00', 'Sunday'),
(91, '2005', '8', '22', '2005-08-22 00:00:00', 'Monday'),
(92, '2005', '8', '23', '2005-08-23 00:00:00', 'Tuesday'),
(93, '2005', '8', '24', '2005-08-24 00:00:00', 'Wednesda'),
(94, '2005', '8', '25', '2005-08-25 00:00:00', 'Thursday'),
(95, '2005', '8', '26', '2005-08-26 00:00:00', 'Friday'),
(96, '2005', '8', '27', '2005-08-27 00:00:00', 'Saturday'),
(97, '2005', '8', '28', '2005-08-28 00:00:00', 'Sunday'),
(98, '2005', '8', '29', '2005-08-29 00:00:00', 'Monday'),
(99, '2005', '8', '30', '2005-08-30 00:00:00', 'Tuesday'),
(100, '2005', '8', '31', '2005-08-31 00:00:00', 'Wednesda'),
(101, '2005', '9', '1', '2005-09-01 00:00:00', 'Thursday'),
(102, '2005', '9', '2', '2005-09-02 00:00:00', 'Friday'),
(103, '2005', '9', '3', '2005-09-03 00:00:00', 'Saturday'),
(104, '2005', '9', '4', '2005-09-04 00:00:00', 'Sunday'),
(105, '2005', '9', '5', '2005-09-05 00:00:00', 'Monday'),
(106, '2005', '9', '6', '2005-09-06 00:00:00', 'Tuesday'),
(107, '2005', '9', '7', '2005-09-07 00:00:00', 'Wednesda'),
(108, '2005', '9', '8', '2005-09-08 00:00:00', 'Thursday'),
(109, '2005', '9', '9', '2005-09-09 00:00:00', 'Friday'),
(110, '2005', '9', '10', '2005-09-10 00:00:00', 'Saturday'),
(111, '2005', '9', '11', '2005-09-11 00:00:00', 'Sunday'),
(112, '2005', '9', '12', '2005-09-12 00:00:00', 'Monday'),
(113, '2005', '9', '13', '2005-09-13 00:00:00', 'Tuesday'),
(114, '2005', '9', '14', '2005-09-14 00:00:00', 'Wednesda'),
(115, '2005', '9', '15', '2005-09-15 00:00:00', 'Thursday'),
(116, '2005', '9', '16', '2005-09-16 00:00:00', 'Friday'),
(117, '2005', '9', '17', '2005-09-17 00:00:00', 'Saturday'),
(118, '2005', '9', '18', '2005-09-18 00:00:00', 'Sunday'),
(119, '2005', '9', '19', '2005-09-19 00:00:00', 'Monday'),
(120, '2005', '9', '20', '2005-09-20 00:00:00', 'Tuesday'),
(121, '2005', '9', '21', '2005-09-21 00:00:00', 'Wednesda'),
(122, '2005', '9', '22', '2005-09-22 00:00:00', 'Thursday'),
(123, '2005', '9', '23', '2005-09-23 00:00:00', 'Friday'),
(124, '2005', '9', '24', '2005-09-24 00:00:00', 'Saturday'),
(125, '2005', '9', '25', '2005-09-25 00:00:00', 'Sunday'),
(126, '2005', '9', '26', '2005-09-26 00:00:00', 'Monday'),
(127, '2005', '9', '27', '2005-09-27 00:00:00', 'Tuesday'),
(128, '2005', '9', '28', '2005-09-28 00:00:00', 'Wednesda'),
(129, '2005', '9', '29', '2005-09-29 00:00:00', 'Thursday'),
(130, '2005', '9', '30', '2005-09-30 00:00:00', 'Friday'),
(131, '2005', '10', '1', '2005-10-01 00:00:00', 'Saturday'),
(132, '2005', '10', '2', '2005-10-02 00:00:00', 'Sunday'),
(133, '2005', '10', '3', '2005-10-03 00:00:00', 'Monday'),
(134, '2005', '10', '4', '2005-10-04 00:00:00', 'Tuesday'),
(135, '2005', '10', '5', '2005-10-05 00:00:00', 'Wednesda'),
(136, '2005', '10', '6', '2005-10-06 00:00:00', 'Thursday'),
(137, '2005', '10', '7', '2005-10-07 00:00:00', 'Friday'),
(138, '2005', '10', '8', '2005-10-08 00:00:00', 'Saturday'),
(139, '2005', '10', '9', '2005-10-09 00:00:00', 'Sunday'),
(140, '2005', '10', '10', '2005-10-10 00:00:00', 'Monday'),
(141, '2005', '10', '11', '2005-10-11 00:00:00', 'Tuesday'),
(142, '2005', '10', '12', '2005-10-12 00:00:00', 'Wednesda'),
(143, '2005', '10', '13', '2005-10-13 00:00:00', 'Thursday'),
(144, '2005', '10', '14', '2005-10-14 00:00:00', 'Friday'),
(145, '2005', '10', '15', '2005-10-15 00:00:00', 'Saturday'),
(146, '2005', '10', '16', '2005-10-16 00:00:00', 'Sunday'),
(147, '2005', '10', '17', '2005-10-17 00:00:00', 'Monday'),
(148, '2005', '10', '18', '2005-10-18 00:00:00', 'Tuesday'),
(149, '2005', '10', '19', '2005-10-19 00:00:00', 'Wednesda'),
(150, '2005', '10', '20', '2005-10-20 00:00:00', 'Thursday'),
(151, '2005', '10', '21', '2005-10-21 00:00:00', 'Friday'),
(152, '2005', '10', '22', '2005-10-22 00:00:00', 'Saturday'),
(153, '2005', '10', '23', '2005-10-23 00:00:00', 'Sunday'),
(154, '2005', '10', '24', '2005-10-24 00:00:00', 'Monday'),
(155, '2005', '10', '25', '2005-10-25 00:00:00', 'Tuesday'),
(156, '2005', '10', '26', '2005-10-26 00:00:00', 'Wednesda'),
(157, '2005', '10', '27', '2005-10-27 00:00:00', 'Thursday'),
(158, '2005', '10', '28', '2005-10-28 00:00:00', 'Friday'),
(159, '2005', '10', '29', '2005-10-29 00:00:00', 'Saturday'),
(160, '2005', '10', '30', '2005-10-30 00:00:00', 'Sunday'),
(161, '2005', '10', '31', '2005-10-31 00:00:00', 'Monday'),
(162, '2005', '11', '1', '2005-11-01 00:00:00', 'Tuesday'),
(163, '2005', '11', '2', '2005-11-02 00:00:00', 'Wednesda'),
(164, '2005', '11', '3', '2005-11-03 00:00:00', 'Thursday'),
(165, '2005', '11', '4', '2005-11-04 00:00:00', 'Friday'),
(166, '2005', '11', '5', '2005-11-05 00:00:00', 'Saturday'),
(167, '2005', '11', '6', '2005-11-06 00:00:00', 'Sunday'),
(168, '2005', '11', '7', '2005-11-07 00:00:00', 'Monday'),
(169, '2005', '11', '8', '2005-11-08 00:00:00', 'Tuesday'),
(170, '2005', '11', '9', '2005-11-09 00:00:00', 'Wednesda'),
(171, '2005', '11', '10', '2005-11-10 00:00:00', 'Thursday'),
(172, '2005', '11', '11', '2005-11-11 00:00:00', 'Friday'),
(173, '2005', '11', '12', '2005-11-12 00:00:00', 'Saturday'),
(174, '2005', '11', '13', '2005-11-13 00:00:00', 'Sunday'),
(175, '2005', '11', '14', '2005-11-14 00:00:00', 'Monday'),
(176, '2005', '11', '15', '2005-11-15 00:00:00', 'Tuesday'),
(177, '2005', '11', '16', '2005-11-16 00:00:00', 'Wednesda'),
(178, '2005', '11', '17', '2005-11-17 00:00:00', 'Thursday'),
(179, '2005', '11', '18', '2005-11-18 00:00:00', 'Friday'),
(180, '2005', '11', '19', '2005-11-19 00:00:00', 'Saturday'),
(181, '2005', '11', '20', '2005-11-20 00:00:00', 'Sunday'),
(182, '2005', '11', '21', '2005-11-21 00:00:00', 'Monday'),
(183, '2005', '11', '22', '2005-11-22 00:00:00', 'Tuesday'),
(184, '2005', '11', '23', '2005-11-23 00:00:00', 'Wednesda'),
(185, '2005', '11', '24', '2005-11-24 00:00:00', 'Thursday'),
(186, '2005', '11', '25', '2005-11-25 00:00:00', 'Friday'),
(187, '2005', '11', '26', '2005-11-26 00:00:00', 'Saturday'),
(188, '2005', '11', '27', '2005-11-27 00:00:00', 'Sunday'),
(189, '2005', '11', '28', '2005-11-28 00:00:00', 'Monday'),
(190, '2005', '11', '29', '2005-11-29 00:00:00', 'Tuesday'),
(191, '2005', '11', '30', '2005-11-30 00:00:00', 'Wednesda'),
(192, '2005', '12', '1', '2005-12-01 00:00:00', 'Thursday'),
(193, '2005', '12', '2', '2005-12-02 00:00:00', 'Friday'),
(194, '2005', '12', '3', '2005-12-03 00:00:00', 'Saturday'),
(195, '2005', '12', '4', '2005-12-04 00:00:00', 'Sunday'),
(196, '2005', '12', '5', '2005-12-05 00:00:00', 'Monday'),
(197, '2005', '12', '6', '2005-12-06 00:00:00', 'Tuesday'),
(198, '2005', '12', '7', '2005-12-07 00:00:00', 'Wednesda'),
(199, '2005', '12', '8', '2005-12-08 00:00:00', 'Thursday'),
(200, '2005', '12', '9', '2005-12-09 00:00:00', 'Friday'),
(201, '2005', '12', '10', '2005-12-10 00:00:00', 'Saturday'),
(202, '2005', '12', '11', '2005-12-11 00:00:00', 'Sunday'),
(203, '2005', '12', '12', '2005-12-12 00:00:00', 'Monday'),
(204, '2005', '12', '13', '2005-12-13 00:00:00', 'Tuesday'),
(205, '2005', '12', '14', '2005-12-14 00:00:00', 'Wednesda'),
(206, '2005', '12', '15', '2005-12-15 00:00:00', 'Thursday'),
(207, '2005', '12', '16', '2005-12-16 00:00:00', 'Friday'),
(208, '2005', '12', '17', '2005-12-17 00:00:00', 'Saturday'),
(209, '2005', '12', '18', '2005-12-18 00:00:00', 'Sunday'),
(210, '2005', '12', '19', '2005-12-19 00:00:00', 'Monday'),
(211, '2005', '12', '20', '2005-12-20 00:00:00', 'Tuesday'),
(212, '2005', '12', '21', '2005-12-21 00:00:00', 'Wednesda'),
(213, '2005', '12', '22', '2005-12-22 00:00:00', 'Thursday'),
(214, '2005', '12', '23', '2005-12-23 00:00:00', 'Friday'),
(215, '2005', '12', '24', '2005-12-24 00:00:00', 'Saturday'),
(216, '2005', '12', '25', '2005-12-25 00:00:00', 'Sunday'),
(217, '2005', '12', '26', '2005-12-26 00:00:00', 'Monday'),
(218, '2005', '12', '27', '2005-12-27 00:00:00', 'Tuesday'),
(219, '2005', '12', '28', '2005-12-28 00:00:00', 'Wednesda'),
(220, '2005', '12', '29', '2005-12-29 00:00:00', 'Thursday'),
(221, '2005', '12', '30', '2005-12-30 00:00:00', 'Friday'),
(222, '2005', '12', '31', '2005-12-31 00:00:00', 'Saturday'),
(223, '2006', '1', '1', '2006-01-01 00:00:00', 'Sunday'),
(224, '2006', '1', '2', '2006-01-02 00:00:00', 'Monday'),
(225, '2006', '1', '3', '2006-01-03 00:00:00', 'Tuesday'),
(226, '2006', '1', '4', '2006-01-04 00:00:00', 'Wednesda'),
(227, '2006', '1', '5', '2006-01-05 00:00:00', 'Thursday'),
(228, '2006', '1', '6', '2006-01-06 00:00:00', 'Friday'),
(229, '2006', '1', '7', '2006-01-07 00:00:00', 'Saturday'),
(230, '2006', '1', '8', '2006-01-08 00:00:00', 'Sunday'),
(231, '2006', '1', '9', '2006-01-09 00:00:00', 'Monday'),
(232, '2006', '1', '10', '2006-01-10 00:00:00', 'Tuesday'),
(233, '2006', '1', '11', '2006-01-11 00:00:00', 'Wednesda'),
(234, '2006', '1', '12', '2006-01-12 00:00:00', 'Thursday'),
(235, '2006', '1', '13', '2006-01-13 00:00:00', 'Friday'),
(236, '2006', '1', '14', '2006-01-14 00:00:00', 'Saturday'),
(237, '2006', '1', '15', '2006-01-15 00:00:00', 'Sunday'),
(238, '2006', '1', '16', '2006-01-16 00:00:00', 'Monday'),
(239, '2006', '1', '17', '2006-01-17 00:00:00', 'Tuesday'),
(240, '2006', '1', '18', '2006-01-18 00:00:00', 'Wednesda'),
(241, '2006', '1', '19', '2006-01-19 00:00:00', 'Thursday'),
(242, '2006', '1', '20', '2006-01-20 00:00:00', 'Friday'),
(243, '2006', '1', '21', '2006-01-21 00:00:00', 'Saturday'),
(244, '2006', '1', '22', '2006-01-22 00:00:00', 'Sunday'),
(245, '2006', '1', '23', '2006-01-23 00:00:00', 'Monday'),
(246, '2006', '1', '24', '2006-01-24 00:00:00', 'Tuesday'),
(247, '2006', '1', '25', '2006-01-25 00:00:00', 'Wednesda'),
(248, '2006', '1', '26', '2006-01-26 00:00:00', 'Thursday'),
(249, '2006', '1', '27', '2006-01-27 00:00:00', 'Friday'),
(250, '2006', '1', '28', '2006-01-28 00:00:00', 'Saturday'),
(251, '2006', '1', '29', '2006-01-29 00:00:00', 'Sunday'),
(252, '2006', '1', '30', '2006-01-30 00:00:00', 'Monday'),
(253, '2006', '1', '31', '2006-01-31 00:00:00', 'Tuesday'),
(254, '2006', '2', '1', '2006-02-01 00:00:00', 'Wednesda'),
(255, '2006', '2', '2', '2006-02-02 00:00:00', 'Thursday'),
(256, '2006', '2', '3', '2006-02-03 00:00:00', 'Friday'),
(257, '2006', '2', '4', '2006-02-04 00:00:00', 'Saturday'),
(258, '2006', '2', '5', '2006-02-05 00:00:00', 'Sunday'),
(259, '2006', '2', '6', '2006-02-06 00:00:00', 'Monday'),
(260, '2006', '2', '7', '2006-02-07 00:00:00', 'Tuesday'),
(261, '2006', '2', '8', '2006-02-08 00:00:00', 'Wednesda'),
(262, '2006', '2', '9', '2006-02-09 00:00:00', 'Thursday'),
(263, '2006', '2', '10', '2006-02-10 00:00:00', 'Friday'),
(264, '2006', '2', '11', '2006-02-11 00:00:00', 'Saturday'),
(265, '2006', '2', '12', '2006-02-12 00:00:00', 'Sunday'),
(266, '2006', '2', '13', '2006-02-13 00:00:00', 'Monday'),
(267, '2006', '2', '14', '2006-02-14 00:00:00', 'Tuesday'),
(268, '2006', '2', '15', '2006-02-15 00:00:00', 'Wednesda'),
(269, '2006', '2', '16', '2006-02-16 00:00:00', 'Thursday'),
(270, '2006', '2', '17', '2006-02-17 00:00:00', 'Friday'),
(271, '2006', '2', '18', '2006-02-18 00:00:00', 'Saturday'),
(272, '2006', '2', '19', '2006-02-19 00:00:00', 'Sunday'),
(273, '2006', '2', '20', '2006-02-20 00:00:00', 'Monday'),
(274, '2006', '2', '21', '2006-02-21 00:00:00', 'Tuesday'),
(275, '2006', '2', '22', '2006-02-22 00:00:00', 'Wednesda'),
(276, '2006', '2', '23', '2006-02-23 00:00:00', 'Thursday'),
(277, '2006', '2', '24', '2006-02-24 00:00:00', 'Friday'),
(278, '2006', '2', '25', '2006-02-25 00:00:00', 'Saturday'),
(279, '2006', '2', '26', '2006-02-26 00:00:00', 'Sunday'),
(280, '2006', '2', '27', '2006-02-27 00:00:00', 'Monday'),
(281, '2006', '2', '28', '2006-02-28 00:00:00', 'Tuesday'),
(282, '2006', '3', '1', '2006-03-01 00:00:00', 'Wednesda'),
(283, '2006', '3', '2', '2006-03-02 00:00:00', 'Thursday'),
(284, '2006', '3', '3', '2006-03-03 00:00:00', 'Friday'),
(285, '2006', '3', '4', '2006-03-04 00:00:00', 'Saturday'),
(286, '2006', '3', '5', '2006-03-05 00:00:00', 'Sunday'),
(287, '2006', '3', '6', '2006-03-06 00:00:00', 'Monday'),
(288, '2006', '3', '7', '2006-03-07 00:00:00', 'Tuesday'),
(289, '2006', '3', '8', '2006-03-08 00:00:00', 'Wednesda'),
(290, '2006', '3', '9', '2006-03-09 00:00:00', 'Thursday'),
(291, '2006', '3', '10', '2006-03-10 00:00:00', 'Friday'),
(292, '2006', '3', '11', '2006-03-11 00:00:00', 'Saturday'),
(293, '2006', '3', '12', '2006-03-12 00:00:00', 'Sunday'),
(294, '2006', '3', '13', '2006-03-13 00:00:00', 'Monday'),
(295, '2006', '3', '14', '2006-03-14 00:00:00', 'Tuesday'),
(296, '2006', '3', '15', '2006-03-15 00:00:00', 'Wednesda'),
(297, '2006', '3', '16', '2006-03-16 00:00:00', 'Thursday'),
(298, '2006', '3', '17', '2006-03-17 00:00:00', 'Friday'),
(299, '2006', '3', '18', '2006-03-18 00:00:00', 'Saturday'),
(300, '2006', '3', '19', '2006-03-19 00:00:00', 'Sunday'),
(301, '2006', '3', '20', '2006-03-20 00:00:00', 'Monday'),
(302, '2006', '3', '21', '2006-03-21 00:00:00', 'Tuesday'),
(303, '2006', '3', '22', '2006-03-22 00:00:00', 'Wednesda'),
(304, '2006', '3', '23', '2006-03-23 00:00:00', 'Thursday'),
(305, '2006', '3', '24', '2006-03-24 00:00:00', 'Friday'),
(306, '2006', '3', '25', '2006-03-25 00:00:00', 'Saturday'),
(307, '2006', '3', '26', '2006-03-26 00:00:00', 'Sunday'),
(308, '2006', '3', '27', '2006-03-27 00:00:00', 'Monday'),
(309, '2006', '3', '28', '2006-03-28 00:00:00', 'Tuesday'),
(310, '2006', '3', '29', '2006-03-29 00:00:00', 'Wednesda'),
(311, '2006', '3', '30', '2006-03-30 00:00:00', 'Thursday'),
(312, '2006', '3', '31', '2006-03-31 00:00:00', 'Friday'),
(313, '2006', '4', '1', '2006-04-01 00:00:00', 'Saturday'),
(314, '2006', '4', '2', '2006-04-02 00:00:00', 'Sunday'),
(315, '2006', '4', '3', '2006-04-03 00:00:00', 'Monday'),
(316, '2006', '4', '4', '2006-04-04 00:00:00', 'Tuesday'),
(317, '2006', '4', '5', '2006-04-05 00:00:00', 'Wednesda'),
(318, '2006', '4', '6', '2006-04-06 00:00:00', 'Thursday'),
(319, '2006', '4', '7', '2006-04-07 00:00:00', 'Friday'),
(320, '2006', '4', '8', '2006-04-08 00:00:00', 'Saturday'),
(321, '2006', '4', '9', '2006-04-09 00:00:00', 'Sunday'),
(322, '2006', '4', '10', '2006-04-10 00:00:00', 'Monday'),
(323, '2006', '4', '11', '2006-04-11 00:00:00', 'Tuesday'),
(324, '2006', '4', '12', '2006-04-12 00:00:00', 'Wednesda'),
(325, '2006', '4', '13', '2006-04-13 00:00:00', 'Thursday'),
(326, '2006', '4', '14', '2006-04-14 00:00:00', 'Friday'),
(327, '2006', '4', '15', '2006-04-15 00:00:00', 'Saturday'),
(328, '2006', '4', '16', '2006-04-16 00:00:00', 'Sunday'),
(329, '2006', '4', '17', '2006-04-17 00:00:00', 'Monday'),
(330, '2006', '4', '18', '2006-04-18 00:00:00', 'Tuesday'),
(331, '2006', '4', '19', '2006-04-19 00:00:00', 'Wednesda'),
(332, '2006', '4', '20', '2006-04-20 00:00:00', 'Thursday'),
(333, '2006', '4', '21', '2006-04-21 00:00:00', 'Friday'),
(334, '2006', '4', '22', '2006-04-22 00:00:00', 'Saturday'),
(335, '2006', '4', '23', '2006-04-23 00:00:00', 'Sunday'),
(336, '2006', '4', '24', '2006-04-24 00:00:00', 'Monday'),
(337, '2006', '4', '25', '2006-04-25 00:00:00', 'Tuesday'),
(338, '2006', '4', '26', '2006-04-26 00:00:00', 'Wednesda'),
(339, '2006', '4', '27', '2006-04-27 00:00:00', 'Thursday'),
(340, '2006', '4', '28', '2006-04-28 00:00:00', 'Friday'),
(341, '2006', '4', '29', '2006-04-29 00:00:00', 'Saturday');

--
-- Indexes for dumped tables
--

--
-- Indeks untuk tabel `customer`
--
ALTER TABLE `customer`
  ADD PRIMARY KEY (`customer_id`);

--
-- Indeks untuk tabel `film`
--
ALTER TABLE `film`
  ADD PRIMARY KEY (`film_id`);

--
-- Indeks untuk tabel `store`
--
ALTER TABLE `store`
  ADD PRIMARY KEY (`store_id`);

--
-- Indeks untuk tabel `time`
--
ALTER TABLE `time`
  ADD PRIMARY KEY (`time_id`);

--
-- AUTO_INCREMENT untuk tabel yang dibuang
--

--
-- AUTO_INCREMENT untuk tabel `time`
--
ALTER TABLE `time`
  MODIFY `time_id` int(5) NOT NULL AUTO_INCREMENT, AUTO_INCREMENT=342;
COMMIT;

/*!40101 SET CHARACTER_SET_CLIENT=@OLD_CHARACTER_SET_CLIENT */;
/*!40101 SET CHARACTER_SET_RESULTS=@OLD_CHARACTER_SET_RESULTS */;
/*!40101 SET COLLATION_CONNECTION=@OLD_COLLATION_CONNECTION */;
